ben	hin	florestest2021				datasets/statmt/wmt21-news-systems/txt/sources/florestest2021.bn-hi.src.bn	datasets/statmt/wmt21-news-systems/txt/references/florestest2021.bn-hi.ref.A.hi	
cat	ita	wmt21-ml-wp				datasets/statmt/wmt_multilingual/wp.test.ca	datasets/statmt/wmt_multilingual/wp.test.it
cat	oci	wmt21-ml-wp				datasets/statmt/wmt_multilingual/wp.test.ca	datasets/statmt/wmt_multilingual/wp.test.oc
cat	ron	wmt21-ml-wp				datasets/statmt/wmt_multilingual/wp.test.ca	datasets/statmt/wmt_multilingual/wp.test.ro
ces	deu	newssyscomb2009				datasets/statmt/wmt_newstest/2009/newssyscomb2009.cs	datasets/statmt/wmt_newstest/2009/newssyscomb2009.de
ces	deu	newstest2008				datasets/statmt/wmt_newstest/2008/newstest2008.cs	datasets/statmt/wmt_newstest/2008/newstest2008.de
ces	deu	newstest2009				datasets/statmt/wmt_newstest/2009/newstest2009.cs	datasets/statmt/wmt_newstest/2009/newstest2009.de
ces	deu	newstest2010				datasets/statmt/wmt_newstest/2010/newstest2010.cs	datasets/statmt/wmt_newstest/2010/newstest2010.de
ces	deu	newstest2011				datasets/statmt/wmt_newstest/2011/newstest2011.cs	datasets/statmt/wmt_newstest/2011/newstest2011.de
ces	deu	newstest2012				datasets/statmt/wmt_newstest/2012/newstest2012.cs	datasets/statmt/wmt_newstest/2012/newstest2012.de
ces	deu	newstest2013				datasets/statmt/wmt_newstest/2013/newstest2013.cs	datasets/statmt/wmt_newstest/2013/newstest2013.de
ces	deu	newstest2019				datasets/statmt/wmt_newstest/2019/cs-de/newstest2019.cs	datasets/statmt/wmt_newstest/2019/cs-de/newstest2019.de
ces	eng	generaltest2022				datasets/statmt/wmt22-news-systems/txt/sources/generaltest2022.cs-en.src.cs	datasets/statmt/wmt22-news-systems/txt/references/generaltest2022.cs-en.ref.B.en	datasets/statmt/wmt22-news-systems/txt/references/generaltest2022.cs-en.ref.C.en	
ces	eng	newssyscomb2009				datasets/statmt/wmt_newstest/2009/newssyscomb2009.cs	datasets/statmt/wmt_newstest/2009/newssyscomb2009.en
ces	eng	newstest2008				datasets/statmt/wmt_newstest/2008/newstest2008.cs	datasets/statmt/wmt_newstest/2008/newstest2008.en
ces	eng	newstest2009				datasets/statmt/wmt_newstest/2009/newstest2009.cs	datasets/statmt/wmt_newstest/2009/newstest2009.en
ces	eng	newstest2010				datasets/statmt/wmt_newstest/2010/newstest2010.cs	datasets/statmt/wmt_newstest/2010/newstest2010.en
ces	eng	newstest2011				datasets/statmt/wmt_newstest/2011/newstest2011.cs	datasets/statmt/wmt_newstest/2011/newstest2011.en
ces	eng	newstest2012				datasets/statmt/wmt_newstest/2012/newstest2012.cs	datasets/statmt/wmt_newstest/2012/newstest2012.en
ces	eng	newstest2013				datasets/statmt/wmt_newstest/2013/newstest2013.cs	datasets/statmt/wmt_newstest/2013/newstest2013.en
ces	eng	newstest2014				datasets/statmt/wmt_newstest/2014/cs-en/newstest2014.cs	datasets/statmt/wmt_newstest/2014/cs-en/newstest2014.en
ces	eng	newstest2015				datasets/statmt/wmt_newstest/2015/cs-en/newstest2015.cs	datasets/statmt/wmt_newstest/2015/cs-en/newstest2015.en
ces	eng	newstest2016				datasets/statmt/wmt_newstest/2016/cs-en/newstest2016.cs	datasets/statmt/wmt_newstest/2016/cs-en/newstest2016.en
ces	eng	newstest2017				datasets/statmt/wmt_newstest/2017/cs-en/newstest2017.cs	datasets/statmt/wmt_newstest/2017/cs-en/newstest2017.en
ces	eng	newstest2018				datasets/statmt/wmt_newstest/2018/cs-en/newstest2018.cs	datasets/statmt/wmt_newstest/2018/cs-en/newstest2018.en
ces	eng	newstest2021				datasets/statmt/wmt21-news-systems/txt/sources/newstest2021.cs-en.src.cs	datasets/statmt/wmt21-news-systems/txt/references/newstest2021.cs-en.ref.A.en	datasets/statmt/wmt21-news-systems/txt/references/newstest2021.cs-en.ref.B.en	
ces	fra	newssyscomb2009				datasets/statmt/wmt_newstest/2009/newssyscomb2009.cs	datasets/statmt/wmt_newstest/2009/newssyscomb2009.fr
ces	fra	newstest2008				datasets/statmt/wmt_newstest/2008/newstest2008.cs	datasets/statmt/wmt_newstest/2008/newstest2008.fr
ces	fra	newstest2009				datasets/statmt/wmt_newstest/2009/newstest2009.cs	datasets/statmt/wmt_newstest/2009/newstest2009.fr
ces	fra	newstest2010				datasets/statmt/wmt_newstest/2010/newstest2010.cs	datasets/statmt/wmt_newstest/2010/newstest2010.fr
ces	fra	newstest2011				datasets/statmt/wmt_newstest/2011/newstest2011.cs	datasets/statmt/wmt_newstest/2011/newstest2011.fr
ces	fra	newstest2012				datasets/statmt/wmt_newstest/2012/newstest2012.cs	datasets/statmt/wmt_newstest/2012/newstest2012.fr
ces	fra	newstest2013				datasets/statmt/wmt_newstest/2013/newstest2013.cs	datasets/statmt/wmt_newstest/2013/newstest2013.fr
ces	hun	newssyscomb2009				datasets/statmt/wmt_newstest/2009/newssyscomb2009.cs	datasets/statmt/wmt_newstest/2009/newssyscomb2009.hu
ces	hun	newstest2008				datasets/statmt/wmt_newstest/2008/newstest2008.cs	datasets/statmt/wmt_newstest/2008/newstest2008.hu
ces	hun	newstest2009				datasets/statmt/wmt_newstest/2009/newstest2009.cs	datasets/statmt/wmt_newstest/2009/newstest2009.hu
ces	ita	newssyscomb2009				datasets/statmt/wmt_newstest/2009/newssyscomb2009.cs	datasets/statmt/wmt_newstest/2009/newssyscomb2009.it
ces	ita	newstest2009				datasets/statmt/wmt_newstest/2009/newstest2009.cs	datasets/statmt/wmt_newstest/2009/newstest2009.it
ces	rus	newstest2012				datasets/statmt/wmt_newstest/2012/newstest2012.cs	datasets/statmt/wmt_newstest/2012/newstest2012.ru
ces	rus	newstest2013				datasets/statmt/wmt_newstest/2013/newstest2013.cs	datasets/statmt/wmt_newstest/2013/newstest2013.ru
ces	spa	newssyscomb2009				datasets/statmt/wmt_newstest/2009/newssyscomb2009.cs	datasets/statmt/wmt_newstest/2009/newssyscomb2009.es
ces	spa	newstest2008				datasets/statmt/wmt_newstest/2008/newstest2008.cs	datasets/statmt/wmt_newstest/2008/newstest2008.es
ces	spa	newstest2009				datasets/statmt/wmt_newstest/2009/newstest2009.cs	datasets/statmt/wmt_newstest/2009/newstest2009.es
ces	spa	newstest2010				datasets/statmt/wmt_newstest/2010/newstest2010.cs	datasets/statmt/wmt_newstest/2010/newstest2010.es
ces	spa	newstest2011				datasets/statmt/wmt_newstest/2011/newstest2011.cs	datasets/statmt/wmt_newstest/2011/newstest2011.es
ces	spa	newstest2012				datasets/statmt/wmt_newstest/2012/newstest2012.cs	datasets/statmt/wmt_newstest/2012/newstest2012.es
ces	spa	newstest2013				datasets/statmt/wmt_newstest/2013/newstest2013.cs	datasets/statmt/wmt_newstest/2013/newstest2013.es
ces	ukr	generaltest2022				datasets/statmt/wmt22-news-systems/txt/sources/generaltest2022.cs-uk.src.cs	datasets/statmt/wmt22-news-systems/txt/references/generaltest2022.cs-uk.ref.A.uk	
deu	ces	newssyscomb2009				datasets/statmt/wmt_newstest/2009/newssyscomb2009.de	datasets/statmt/wmt_newstest/2009/newssyscomb2009.cs
deu	ces	newstest2008				datasets/statmt/wmt_newstest/2008/newstest2008.de	datasets/statmt/wmt_newstest/2008/newstest2008.cs
deu	ces	newstest2009				datasets/statmt/wmt_newstest/2009/newstest2009.de	datasets/statmt/wmt_newstest/2009/newstest2009.cs
deu	ces	newstest2010				datasets/statmt/wmt_newstest/2010/newstest2010.de	datasets/statmt/wmt_newstest/2010/newstest2010.cs
deu	ces	newstest2011				datasets/statmt/wmt_newstest/2011/newstest2011.de	datasets/statmt/wmt_newstest/2011/newstest2011.cs
deu	ces	newstest2012				datasets/statmt/wmt_newstest/2012/newstest2012.de	datasets/statmt/wmt_newstest/2012/newstest2012.cs
deu	ces	newstest2013				datasets/statmt/wmt_newstest/2013/newstest2013.de	datasets/statmt/wmt_newstest/2013/newstest2013.cs
deu	ces	newstest2019				datasets/statmt/wmt_newstest/2019/de-cs/newstest2019.de	datasets/statmt/wmt_newstest/2019/de-cs/newstest2019.cs
deu	eng	generaltest2022				datasets/statmt/wmt22-news-systems/txt/sources/generaltest2022.de-en.src.de	datasets/statmt/wmt22-news-systems/txt/references/generaltest2022.de-en.ref.A.en	datasets/statmt/wmt22-news-systems/txt/references/generaltest2022.de-en.ref.B.en	
deu	eng	newssyscomb2009				datasets/statmt/wmt_newstest/2009/newssyscomb2009.de	datasets/statmt/wmt_newstest/2009/newssyscomb2009.en
deu	eng	newstest2008				datasets/statmt/wmt_newstest/2008/newstest2008.de	datasets/statmt/wmt_newstest/2008/newstest2008.en
deu	eng	newstest2009				datasets/statmt/wmt_newstest/2009/newstest2009.de	datasets/statmt/wmt_newstest/2009/newstest2009.en
deu	eng	newstest2010				datasets/statmt/wmt_newstest/2010/newstest2010.de	datasets/statmt/wmt_newstest/2010/newstest2010.en
deu	eng	newstest2011				datasets/statmt/wmt_newstest/2011/newstest2011.de	datasets/statmt/wmt_newstest/2011/newstest2011.en
deu	eng	newstest2012				datasets/statmt/wmt_newstest/2012/newstest2012.de	datasets/statmt/wmt_newstest/2012/newstest2012.en
deu	eng	newstest2013				datasets/statmt/wmt_newstest/2013/newstest2013.de	datasets/statmt/wmt_newstest/2013/newstest2013.en
deu	eng	newstest2014				datasets/statmt/wmt_newstest/2014/de-en/newstest2014.de	datasets/statmt/wmt_newstest/2014/de-en/newstest2014.en
deu	eng	newstest2015				datasets/statmt/wmt_newstest/2015/de-en/newstest2015.de	datasets/statmt/wmt_newstest/2015/de-en/newstest2015.en
deu	eng	newstest2016				datasets/statmt/wmt_newstest/2016/de-en/newstest2016.de	datasets/statmt/wmt_newstest/2016/de-en/newstest2016.en
deu	eng	newstest2017				datasets/statmt/wmt_newstest/2017/de-en/newstest2017.de	datasets/statmt/wmt_newstest/2017/de-en/newstest2017.en
deu	eng	newstest2018				datasets/statmt/wmt_newstest/2018/de-en/newstest2018.de	datasets/statmt/wmt_newstest/2018/de-en/newstest2018.en
deu	eng	newstest2019				datasets/statmt/wmt_newstest/2019/de-en/newstest2019.de	datasets/statmt/wmt_newstest/2019/de-en/newstest2019.en
deu	eng	newstest2020				datasets/statmt/wmt_newstest/2020/de-en/newstest2020.de	datasets/statmt/wmt_newstest/2020/de-en/newstest2020.en
deu	eng	newstest2021				datasets/statmt/wmt21-news-systems/txt/sources/newstest2021.de-en.src.de	datasets/statmt/wmt21-news-systems/txt/references/newstest2021.de-en.ref.A.en	datasets/statmt/wmt21-news-systems/txt/references/newstest2021.de-en.ref.B.en	
deu	eng	newstestALL2020				datasets/statmt/wmt_newstest/2020/de-en/newstest2020.de	datasets/statmt/wmt_newstest/2020/de-en/newstest2020.en	datasets/statmt/wmt_newstest/2020/de-en/newstestB2020.en
deu	eng	newstestB2020				datasets/statmt/wmt_newstest/2020/de-en/newstestB2020.de	datasets/statmt/wmt_newstest/2020/de-en/newstestB2020.en
deu	fra	generaltest2022				datasets/statmt/wmt22-news-systems/txt/sources/generaltest2022.de-fr.src.de	datasets/statmt/wmt22-news-systems/txt/references/generaltest2022.de-fr.ref.A.fr	
deu	fra	newssyscomb2009				datasets/statmt/wmt_newstest/2009/newssyscomb2009.de	datasets/statmt/wmt_newstest/2009/newssyscomb2009.fr
deu	fra	newstest2008				datasets/statmt/wmt_newstest/2008/newstest2008.de	datasets/statmt/wmt_newstest/2008/newstest2008.fr
deu	fra	newstest2009				datasets/statmt/wmt_newstest/2009/newstest2009.de	datasets/statmt/wmt_newstest/2009/newstest2009.fr
deu	fra	newstest2010				datasets/statmt/wmt_newstest/2010/newstest2010.de	datasets/statmt/wmt_newstest/2010/newstest2010.fr
deu	fra	newstest2011				datasets/statmt/wmt_newstest/2011/newstest2011.de	datasets/statmt/wmt_newstest/2011/newstest2011.fr
deu	fra	newstest2012				datasets/statmt/wmt_newstest/2012/newstest2012.de	datasets/statmt/wmt_newstest/2012/newstest2012.fr
deu	fra	newstest2013				datasets/statmt/wmt_newstest/2013/newstest2013.de	datasets/statmt/wmt_newstest/2013/newstest2013.fr
deu	fra	newstest2019				datasets/statmt/wmt_newstest/2019/de-fr/newstest2019.de	datasets/statmt/wmt_newstest/2019/de-fr/newstest2019.fr
deu	fra	newstest2020				datasets/statmt/wmt_newstest/2020/de-fr/newstest2020.de	datasets/statmt/wmt_newstest/2020/de-fr/newstest2020.fr
deu	fra	newstest2021				datasets/statmt/wmt21-news-systems/txt/sources/newstest2021.de-fr.src.de	datasets/statmt/wmt21-news-systems/txt/references/newstest2021.de-fr.ref.A.fr	
deu	hun	newssyscomb2009				datasets/statmt/wmt_newstest/2009/newssyscomb2009.de	datasets/statmt/wmt_newstest/2009/newssyscomb2009.hu
deu	hun	newstest2008				datasets/statmt/wmt_newstest/2008/newstest2008.de	datasets/statmt/wmt_newstest/2008/newstest2008.hu
deu	hun	newstest2009				datasets/statmt/wmt_newstest/2009/newstest2009.de	datasets/statmt/wmt_newstest/2009/newstest2009.hu
deu	ita	newssyscomb2009				datasets/statmt/wmt_newstest/2009/newssyscomb2009.de	datasets/statmt/wmt_newstest/2009/newssyscomb2009.it
deu	ita	newstest2009				datasets/statmt/wmt_newstest/2009/newstest2009.de	datasets/statmt/wmt_newstest/2009/newstest2009.it
deu	rus	newstest2012				datasets/statmt/wmt_newstest/2012/newstest2012.de	datasets/statmt/wmt_newstest/2012/newstest2012.ru
deu	rus	newstest2013				datasets/statmt/wmt_newstest/2013/newstest2013.de	datasets/statmt/wmt_newstest/2013/newstest2013.ru
deu	spa	newssyscomb2009				datasets/statmt/wmt_newstest/2009/newssyscomb2009.de	datasets/statmt/wmt_newstest/2009/newssyscomb2009.es
deu	spa	newstest2008				datasets/statmt/wmt_newstest/2008/newstest2008.de	datasets/statmt/wmt_newstest/2008/newstest2008.es
deu	spa	newstest2009				datasets/statmt/wmt_newstest/2009/newstest2009.de	datasets/statmt/wmt_newstest/2009/newstest2009.es
deu	spa	newstest2010				datasets/statmt/wmt_newstest/2010/newstest2010.de	datasets/statmt/wmt_newstest/2010/newstest2010.es
deu	spa	newstest2011				datasets/statmt/wmt_newstest/2011/newstest2011.de	datasets/statmt/wmt_newstest/2011/newstest2011.es
deu	spa	newstest2012				datasets/statmt/wmt_newstest/2012/newstest2012.de	datasets/statmt/wmt_newstest/2012/newstest2012.es
deu	spa	newstest2013				datasets/statmt/wmt_newstest/2013/newstest2013.de	datasets/statmt/wmt_newstest/2013/newstest2013.es
eng	ces	generaltest2022				datasets/statmt/wmt22-news-systems/txt/sources/generaltest2022.en-cs.src.en	datasets/statmt/wmt22-news-systems/txt/references/generaltest2022.en-cs.ref.B.cs	datasets/statmt/wmt22-news-systems/txt/references/generaltest2022.en-cs.ref.C.cs	
eng	ces	newssyscomb2009				datasets/statmt/wmt_newstest/2009/newssyscomb2009.en	datasets/statmt/wmt_newstest/2009/newssyscomb2009.cs
eng	ces	newstest2008				datasets/statmt/wmt_newstest/2008/newstest2008.en	datasets/statmt/wmt_newstest/2008/newstest2008.cs
eng	ces	newstest2009				datasets/statmt/wmt_newstest/2009/newstest2009.en	datasets/statmt/wmt_newstest/2009/newstest2009.cs
eng	ces	newstest2010				datasets/statmt/wmt_newstest/2010/newstest2010.en	datasets/statmt/wmt_newstest/2010/newstest2010.cs
eng	ces	newstest2011				datasets/statmt/wmt_newstest/2011/newstest2011.en	datasets/statmt/wmt_newstest/2011/newstest2011.cs
eng	ces	newstest2012				datasets/statmt/wmt_newstest/2012/newstest2012.en	datasets/statmt/wmt_newstest/2012/newstest2012.cs
eng	ces	newstest2013				datasets/statmt/wmt_newstest/2013/newstest2013.en	datasets/statmt/wmt_newstest/2013/newstest2013.cs
eng	ces	newstest2014				datasets/statmt/wmt_newstest/2014/en-cs/newstest2014.en	datasets/statmt/wmt_newstest/2014/en-cs/newstest2014.cs
eng	ces	newstest2015				datasets/statmt/wmt_newstest/2015/en-cs/newstest2015.en	datasets/statmt/wmt_newstest/2015/en-cs/newstest2015.cs
eng	ces	newstest2016				datasets/statmt/wmt_newstest/2016/en-cs/newstest2016.en	datasets/statmt/wmt_newstest/2016/en-cs/newstest2016.cs
eng	ces	newstest2017				datasets/statmt/wmt_newstest/2017/en-cs/newstest2017.en	datasets/statmt/wmt_newstest/2017/en-cs/newstest2017.cs
eng	ces	newstest2018				datasets/statmt/wmt_newstest/2018/en-cs/newstest2018.en	datasets/statmt/wmt_newstest/2018/en-cs/newstest2018.cs
eng	ces	newstest2019				datasets/statmt/wmt_newstest/2019/en-cs/newstest2019.en	datasets/statmt/wmt_newstest/2019/en-cs/newstest2019.cs
eng	ces	newstest2021				datasets/statmt/wmt21-news-systems/txt/sources/newstest2021.en-cs.src.en	datasets/statmt/wmt21-news-systems/txt/references/newstest2021.en-cs.ref.A.cs	datasets/statmt/wmt21-news-systems/txt/references/newstest2021.en-cs.ref.B.cs	
eng	deu	generaltest2022				datasets/statmt/wmt22-news-systems/txt/sources/generaltest2022.en-de.src.en	datasets/statmt/wmt22-news-systems/txt/references/generaltest2022.en-de.ref.A.de	datasets/statmt/wmt22-news-systems/txt/references/generaltest2022.en-de.ref.B.de	
eng	deu	newssyscomb2009				datasets/statmt/wmt_newstest/2009/newssyscomb2009.en	datasets/statmt/wmt_newstest/2009/newssyscomb2009.de
eng	deu	newstest2008				datasets/statmt/wmt_newstest/2008/newstest2008.en	datasets/statmt/wmt_newstest/2008/newstest2008.de
eng	deu	newstest2009				datasets/statmt/wmt_newstest/2009/newstest2009.en	datasets/statmt/wmt_newstest/2009/newstest2009.de
eng	deu	newstest2010				datasets/statmt/wmt_newstest/2010/newstest2010.en	datasets/statmt/wmt_newstest/2010/newstest2010.de
eng	deu	newstest2011				datasets/statmt/wmt_newstest/2011/newstest2011.en	datasets/statmt/wmt_newstest/2011/newstest2011.de
eng	deu	newstest2012				datasets/statmt/wmt_newstest/2012/newstest2012.en	datasets/statmt/wmt_newstest/2012/newstest2012.de
eng	deu	newstest2013				datasets/statmt/wmt_newstest/2013/newstest2013.en	datasets/statmt/wmt_newstest/2013/newstest2013.de
eng	deu	newstest2014				datasets/statmt/wmt_newstest/2014/en-de/newstest2014.en	datasets/statmt/wmt_newstest/2014/en-de/newstest2014.de
eng	deu	newstest2015				datasets/statmt/wmt_newstest/2015/en-de/newstest2015.en	datasets/statmt/wmt_newstest/2015/en-de/newstest2015.de
eng	deu	newstest2016				datasets/statmt/wmt_newstest/2016/en-de/newstest2016.en	datasets/statmt/wmt_newstest/2016/en-de/newstest2016.de
eng	deu	newstest2017				datasets/statmt/wmt_newstest/2017/en-de/newstest2017.en	datasets/statmt/wmt_newstest/2017/en-de/newstest2017.de
eng	deu	newstest2018				datasets/statmt/wmt_newstest/2018/en-de/newstest2018.en	datasets/statmt/wmt_newstest/2018/en-de/newstest2018.de
eng	deu	newstest2019				datasets/statmt/wmt_newstest/2019/en-de/newstest2019.en	datasets/statmt/wmt_newstest/2019/en-de/newstest2019.de
eng	deu	newstest2020				datasets/statmt/wmt_newstest/2020/en-de/newstest2020.en	datasets/statmt/wmt_newstest/2020/en-de/newstest2020.de
eng	deu	newstest2021				datasets/statmt/wmt21-news-systems/txt/sources/newstest2021.en-de.src.en	datasets/statmt/wmt21-news-systems/txt/references/newstest2021.en-de.ref.A.de	datasets/statmt/wmt21-news-systems/txt/references/newstest2021.en-de.ref.C.de	datasets/statmt/wmt21-news-systems/txt/references/newstest2021.en-de.ref.D.de	
eng	deu	newstestALL2020				datasets/statmt/wmt_newstest/2020/en-de/newstest2020.en	datasets/statmt/wmt_newstest/2020/en-de/newstest2020.de	datasets/statmt/wmt_newstest/2020/en-de/newstestB2020.de
eng	deu	newstestB2020				datasets/statmt/wmt_newstest/2020/en-de/newstestB2020.en	datasets/statmt/wmt_newstest/2020/en-de/newstestB2020.de
eng	est	newstest2018				datasets/statmt/wmt_newstest/2018/en-et/newstest2018.en	datasets/statmt/wmt_newstest/2018/en-et/newstest2018.et
eng	fin	newstest2015				datasets/statmt/wmt_newstest/2015/en-fi/newstest2015.en	datasets/statmt/wmt_newstest/2015/en-fi/newstest2015.fi
eng	fin	newstest2016				datasets/statmt/wmt_newstest/2016/en-fi/newstest2016.en	datasets/statmt/wmt_newstest/2016/en-fi/newstest2016.fi
eng	fin	newstest2017				datasets/statmt/wmt_newstest/2017/en-fi/newstest2017.en	datasets/statmt/wmt_newstest/2017/en-fi/newstest2017.fi
eng	fin	newstest2018				datasets/statmt/wmt_newstest/2018/en-fi/newstest2018.en	datasets/statmt/wmt_newstest/2018/en-fi/newstest2018.fi
eng	fin	newstest2019				datasets/statmt/wmt_newstest/2019/en-fi/newstest2019.en	datasets/statmt/wmt_newstest/2019/en-fi/newstest2019.fi
eng	fin	newstestALL2016				datasets/statmt/wmt_newstest/2016/en-fi/newstest2016.en	datasets/statmt/wmt_newstest/2016/en-fi/newstest2016.fi	datasets/statmt/wmt_newstest/2016/en-fi/newstestB2016.fi
eng	fin	newstestALL2017				datasets/statmt/wmt_newstest/2017/en-fi/newstest2017.en	datasets/statmt/wmt_newstest/2017/en-fi/newstest2017.fi	datasets/statmt/wmt_newstest/2017/en-fi/newstestB2017.fi
eng	fin	newstestB2016				datasets/statmt/wmt_newstest/2016/en-fi/newstestB2016.en	datasets/statmt/wmt_newstest/2016/en-fi/newstestB2016.fi
eng	fin	newstestB2017				datasets/statmt/wmt_newstest/2017/en-fi/newstestB2017.en	datasets/statmt/wmt_newstest/2017/en-fi/newstestB2017.fi
eng	fra	newsdiscusstest2015				datasets/statmt/wmt_newstest/2015/en-fr/newsdiscusstest2015.en	datasets/statmt/wmt_newstest/2015/en-fr/newsdiscusstest2015.fr
eng	fra	newssyscomb2009				datasets/statmt/wmt_newstest/2009/newssyscomb2009.en	datasets/statmt/wmt_newstest/2009/newssyscomb2009.fr
eng	fra	newstest2008				datasets/statmt/wmt_newstest/2008/newstest2008.en	datasets/statmt/wmt_newstest/2008/newstest2008.fr
eng	fra	newstest2009				datasets/statmt/wmt_newstest/2009/newstest2009.en	datasets/statmt/wmt_newstest/2009/newstest2009.fr
eng	fra	newstest2010				datasets/statmt/wmt_newstest/2010/newstest2010.en	datasets/statmt/wmt_newstest/2010/newstest2010.fr
eng	fra	newstest2011				datasets/statmt/wmt_newstest/2011/newstest2011.en	datasets/statmt/wmt_newstest/2011/newstest2011.fr
eng	fra	newstest2012				datasets/statmt/wmt_newstest/2012/newstest2012.en	datasets/statmt/wmt_newstest/2012/newstest2012.fr
eng	fra	newstest2013				datasets/statmt/wmt_newstest/2013/newstest2013.en	datasets/statmt/wmt_newstest/2013/newstest2013.fr
eng	fra	newstest2014				datasets/statmt/wmt_newstest/2014/en-fr/newstest2014.en	datasets/statmt/wmt_newstest/2014/en-fr/newstest2014.fr
eng	guj	newstest2019				datasets/statmt/wmt_newstest/2019/en-gu/newstest2019.en	datasets/statmt/wmt_newstest/2019/en-gu/newstest2019.gu
eng	hau	newstest2021				datasets/statmt/wmt21-news-systems/txt/sources/newstest2021.en-ha.src.en	datasets/statmt/wmt21-news-systems/txt/references/newstest2021.en-ha.ref.A.ha	
eng	hin	newstest2014				datasets/statmt/wmt_newstest/2014/en-hi/newstest2014.en	datasets/statmt/wmt_newstest/2014/en-hi/newstest2014.hi
eng	hrv	generaltest2022				datasets/statmt/wmt22-news-systems/txt/sources/generaltest2022.en-hr.src.en	datasets/statmt/wmt22-news-systems/txt/references/generaltest2022.en-hr.ref.A.hr	datasets/statmt/wmt22-news-systems/txt/references/generaltest2022.en-hr.ref.stud.hr	
eng	hun	newssyscomb2009				datasets/statmt/wmt_newstest/2009/newssyscomb2009.en	datasets/statmt/wmt_newstest/2009/newssyscomb2009.hu
eng	hun	newstest2008				datasets/statmt/wmt_newstest/2008/newstest2008.en	datasets/statmt/wmt_newstest/2008/newstest2008.hu
eng	hun	newstest2009				datasets/statmt/wmt_newstest/2009/newstest2009.en	datasets/statmt/wmt_newstest/2009/newstest2009.hu
eng	iku	newstest2020				datasets/statmt/wmt_newstest/2020/en-iu/newstest2020.en	datasets/statmt/wmt_newstest/2020/en-iu/newstest2020.iu
eng	isl	newstest2021				datasets/statmt/wmt21-news-systems/txt/sources/newstest2021.en-is.src.en	datasets/statmt/wmt21-news-systems/txt/references/newstest2021.en-is.ref.A.is	
eng	ita	newssyscomb2009				datasets/statmt/wmt_newstest/2009/newssyscomb2009.en	datasets/statmt/wmt_newstest/2009/newssyscomb2009.it
eng	ita	newstest2009				datasets/statmt/wmt_newstest/2009/newstest2009.en	datasets/statmt/wmt_newstest/2009/newstest2009.it
eng	jpn	generaltest2022				datasets/statmt/wmt22-news-systems/txt/sources/generaltest2022.en-ja.src.en	datasets/statmt/wmt22-news-systems/txt/references/generaltest2022.en-ja.ref.A.ja	
eng	jpn	newstest2020				datasets/statmt/wmt_newstest/2020/en-ja/newstest2020.en	datasets/statmt/wmt_newstest/2020/en-ja/newstest2020.ja
eng	jpn	newstest2021				datasets/statmt/wmt21-news-systems/txt/sources/newstest2021.en-ja.src.en	datasets/statmt/wmt21-news-systems/txt/references/newstest2021.en-ja.ref.A.ja	
eng	kaz	newstest2019				datasets/statmt/wmt_newstest/2019/en-kk/newstest2019.en	datasets/statmt/wmt_newstest/2019/en-kk/newstest2019.kk
eng	khm	newstest2020				datasets/statmt/wmt_newstest/2020/en-km/newstest2020.en	datasets/statmt/wmt_newstest/2020/en-km/newstest2020.km
eng	lav	newstest2017				datasets/statmt/wmt_newstest/2017/en-lv/newstest2017.en	datasets/statmt/wmt_newstest/2017/en-lv/newstest2017.lv
eng	lit	newstest2019				datasets/statmt/wmt_newstest/2019/en-lt/newstest2019.en	datasets/statmt/wmt_newstest/2019/en-lt/newstest2019.lt
eng	liv	generaltest2022				datasets/statmt/wmt22-news-systems/txt/sources/generaltest2022.en-liv.src.en	datasets/statmt/wmt22-news-systems/txt/references/generaltest2022.en-liv.ref.A.liv	
eng	pol	newstest2020				datasets/statmt/wmt_newstest/2020/en-pl/newstest2020.en	datasets/statmt/wmt_newstest/2020/en-pl/newstest2020.pl
eng	pus	newstest2020				datasets/statmt/wmt_newstest/2020/en-ps/newstest2020.en	datasets/statmt/wmt_newstest/2020/en-ps/newstest2020.ps
eng	ron	newstest2016				datasets/statmt/wmt_newstest/2016/en-ro/newstest2016.en	datasets/statmt/wmt_newstest/2016/en-ro/newstest2016.ro
eng	rus	generaltest2022				datasets/statmt/wmt22-news-systems/txt/sources/generaltest2022.en-ru.src.en	datasets/statmt/wmt22-news-systems/txt/references/generaltest2022.en-ru.ref.A.ru	
eng	rus	newstest2012				datasets/statmt/wmt_newstest/2012/newstest2012.en	datasets/statmt/wmt_newstest/2012/newstest2012.ru
eng	rus	newstest2013				datasets/statmt/wmt_newstest/2013/newstest2013.en	datasets/statmt/wmt_newstest/2013/newstest2013.ru
eng	rus	newstest2014				datasets/statmt/wmt_newstest/2014/en-ru/newstest2014.en	datasets/statmt/wmt_newstest/2014/en-ru/newstest2014.ru
eng	rus	newstest2015				datasets/statmt/wmt_newstest/2015/en-ru/newstest2015.en	datasets/statmt/wmt_newstest/2015/en-ru/newstest2015.ru
eng	rus	newstest2016				datasets/statmt/wmt_newstest/2016/en-ru/newstest2016.en	datasets/statmt/wmt_newstest/2016/en-ru/newstest2016.ru
eng	rus	newstest2017				datasets/statmt/wmt_newstest/2017/en-ru/newstest2017.en	datasets/statmt/wmt_newstest/2017/en-ru/newstest2017.ru
eng	rus	newstest2018				datasets/statmt/wmt_newstest/2018/en-ru/newstest2018.en	datasets/statmt/wmt_newstest/2018/en-ru/newstest2018.ru
eng	rus	newstest2019				datasets/statmt/wmt_newstest/2019/en-ru/newstest2019.en	datasets/statmt/wmt_newstest/2019/en-ru/newstest2019.ru
eng	rus	newstest2020				datasets/statmt/wmt_newstest/2020/en-ru/newstest2020.en	datasets/statmt/wmt_newstest/2020/en-ru/newstest2020.ru
eng	rus	newstest2021				datasets/statmt/wmt21-news-systems/txt/sources/newstest2021.en-ru.src.en	datasets/statmt/wmt21-news-systems/txt/references/newstest2021.en-ru.ref.A.ru	datasets/statmt/wmt21-news-systems/txt/references/newstest2021.en-ru.ref.B.ru	
eng	spa	newssyscomb2009				datasets/statmt/wmt_newstest/2009/newssyscomb2009.en	datasets/statmt/wmt_newstest/2009/newssyscomb2009.es
eng	spa	newstest2008				datasets/statmt/wmt_newstest/2008/newstest2008.en	datasets/statmt/wmt_newstest/2008/newstest2008.es
eng	spa	newstest2009				datasets/statmt/wmt_newstest/2009/newstest2009.en	datasets/statmt/wmt_newstest/2009/newstest2009.es
eng	spa	newstest2010				datasets/statmt/wmt_newstest/2010/newstest2010.en	datasets/statmt/wmt_newstest/2010/newstest2010.es
eng	spa	newstest2011				datasets/statmt/wmt_newstest/2011/newstest2011.en	datasets/statmt/wmt_newstest/2011/newstest2011.es
eng	spa	newstest2012				datasets/statmt/wmt_newstest/2012/newstest2012.en	datasets/statmt/wmt_newstest/2012/newstest2012.es
eng	spa	newstest2013				datasets/statmt/wmt_newstest/2013/newstest2013.en	datasets/statmt/wmt_newstest/2013/newstest2013.es
eng	tam	newstest2020				datasets/statmt/wmt_newstest/2020/en-ta/newstest2020.en	datasets/statmt/wmt_newstest/2020/en-ta/newstest2020.ta
eng	tur	newstest2016				datasets/statmt/wmt_newstest/2016/en-tr/newstest2016.en	datasets/statmt/wmt_newstest/2016/en-tr/newstest2016.tr
eng	tur	newstest2017				datasets/statmt/wmt_newstest/2017/en-tr/newstest2017.en	datasets/statmt/wmt_newstest/2017/en-tr/newstest2017.tr
eng	tur	newstest2018				datasets/statmt/wmt_newstest/2018/en-tr/newstest2018.en	datasets/statmt/wmt_newstest/2018/en-tr/newstest2018.tr
eng	ukr	generaltest2022				datasets/statmt/wmt22-news-systems/txt/sources/generaltest2022.en-uk.src.en	datasets/statmt/wmt22-news-systems/txt/references/generaltest2022.en-uk.ref.A.uk	
eng	zho	generaltest2022				datasets/statmt/wmt22-news-systems/txt/sources/generaltest2022.en-zh.src.en	datasets/statmt/wmt22-news-systems/txt/references/generaltest2022.en-zh.ref.A.zh	datasets/statmt/wmt22-news-systems/txt/references/generaltest2022.en-zh.ref.B.zh	
eng	zho	newstest2017				datasets/statmt/wmt_newstest/2017/en-zh/newstest2017.en	datasets/statmt/wmt_newstest/2017/en-zh/newstest2017.zh
eng	zho	newstest2018				datasets/statmt/wmt_newstest/2018/en-zh/newstest2018.en	datasets/statmt/wmt_newstest/2018/en-zh/newstest2018.zh
eng	zho	newstest2019				datasets/statmt/wmt_newstest/2019/en-zh/newstest2019.en	datasets/statmt/wmt_newstest/2019/en-zh/newstest2019.zh
eng	zho	newstest2020				datasets/statmt/wmt_newstest/2020/en-zh/newstest2020.en	datasets/statmt/wmt_newstest/2020/en-zh/newstest2020.zh
eng	zho	newstest2021				datasets/statmt/wmt21-news-systems/txt/sources/newstest2021.en-zh.src.en	datasets/statmt/wmt21-news-systems/txt/references/newstest2021.en-zh.ref.A.zh	datasets/statmt/wmt21-news-systems/txt/references/newstest2021.en-zh.ref.B.zh	
eng	zho	newstestALL2020				datasets/statmt/wmt_newstest/2020/en-zh/newstest2020.en	datasets/statmt/wmt_newstest/2020/en-zh/newstest2020.zh	datasets/statmt/wmt_newstest/2020/en-zh/newstestB2020.zh
eng	zho	newstestB2020				datasets/statmt/wmt_newstest/2020/en-zh/newstestB2020.en	datasets/statmt/wmt_newstest/2020/en-zh/newstestB2020.zh
est	eng	newstest2018				datasets/statmt/wmt_newstest/2018/et-en/newstest2018.et	datasets/statmt/wmt_newstest/2018/et-en/newstest2018.en
fin	eng	newstest2015				datasets/statmt/wmt_newstest/2015/fi-en/newstest2015.fi	datasets/statmt/wmt_newstest/2015/fi-en/newstest2015.en
fin	eng	newstest2016				datasets/statmt/wmt_newstest/2016/fi-en/newstest2016.fi	datasets/statmt/wmt_newstest/2016/fi-en/newstest2016.en
fin	eng	newstest2017				datasets/statmt/wmt_newstest/2017/fi-en/newstest2017.fi	datasets/statmt/wmt_newstest/2017/fi-en/newstest2017.en
fin	eng	newstest2018				datasets/statmt/wmt_newstest/2018/fi-en/newstest2018.fi	datasets/statmt/wmt_newstest/2018/fi-en/newstest2018.en
fin	eng	newstest2019				datasets/statmt/wmt_newstest/2019/fi-en/newstest2019.fi	datasets/statmt/wmt_newstest/2019/fi-en/newstest2019.en
fin	eng	newstestB2017				datasets/statmt/wmt_newstest/2017/fi-en/newstestB2017.fi	datasets/statmt/wmt_newstest/2017/fi-en/newstestB2017.en
fra	ces	newssyscomb2009				datasets/statmt/wmt_newstest/2009/newssyscomb2009.fr	datasets/statmt/wmt_newstest/2009/newssyscomb2009.cs
fra	ces	newstest2008				datasets/statmt/wmt_newstest/2008/newstest2008.fr	datasets/statmt/wmt_newstest/2008/newstest2008.cs
fra	ces	newstest2009				datasets/statmt/wmt_newstest/2009/newstest2009.fr	datasets/statmt/wmt_newstest/2009/newstest2009.cs
fra	ces	newstest2010				datasets/statmt/wmt_newstest/2010/newstest2010.fr	datasets/statmt/wmt_newstest/2010/newstest2010.cs
fra	ces	newstest2011				datasets/statmt/wmt_newstest/2011/newstest2011.fr	datasets/statmt/wmt_newstest/2011/newstest2011.cs
fra	ces	newstest2012				datasets/statmt/wmt_newstest/2012/newstest2012.fr	datasets/statmt/wmt_newstest/2012/newstest2012.cs
fra	ces	newstest2013				datasets/statmt/wmt_newstest/2013/newstest2013.fr	datasets/statmt/wmt_newstest/2013/newstest2013.cs
fra	deu	generaltest2022				datasets/statmt/wmt22-news-systems/txt/sources/generaltest2022.fr-de.src.fr	datasets/statmt/wmt22-news-systems/txt/references/generaltest2022.fr-de.ref.A.de	
fra	deu	newssyscomb2009				datasets/statmt/wmt_newstest/2009/newssyscomb2009.fr	datasets/statmt/wmt_newstest/2009/newssyscomb2009.de
fra	deu	newstest2008				datasets/statmt/wmt_newstest/2008/newstest2008.fr	datasets/statmt/wmt_newstest/2008/newstest2008.de
fra	deu	newstest2009				datasets/statmt/wmt_newstest/2009/newstest2009.fr	datasets/statmt/wmt_newstest/2009/newstest2009.de
fra	deu	newstest2010				datasets/statmt/wmt_newstest/2010/newstest2010.fr	datasets/statmt/wmt_newstest/2010/newstest2010.de
fra	deu	newstest2011				datasets/statmt/wmt_newstest/2011/newstest2011.fr	datasets/statmt/wmt_newstest/2011/newstest2011.de
fra	deu	newstest2012				datasets/statmt/wmt_newstest/2012/newstest2012.fr	datasets/statmt/wmt_newstest/2012/newstest2012.de
fra	deu	newstest2013				datasets/statmt/wmt_newstest/2013/newstest2013.fr	datasets/statmt/wmt_newstest/2013/newstest2013.de
fra	deu	newstest2019				datasets/statmt/wmt_newstest/2019/fr-de/newstest2019.fr	datasets/statmt/wmt_newstest/2019/fr-de/newstest2019.de
fra	deu	newstest2020				datasets/statmt/wmt_newstest/2020/fr-de/newstest2020.fr	datasets/statmt/wmt_newstest/2020/fr-de/newstest2020.de
fra	deu	newstest2021				datasets/statmt/wmt21-news-systems/txt/sources/newstest2021.fr-de.src.fr	datasets/statmt/wmt21-news-systems/txt/references/newstest2021.fr-de.ref.A.de	
fra	eng	newsdiscusstest2015				datasets/statmt/wmt_newstest/2015/fr-en/newsdiscusstest2015.fr	datasets/statmt/wmt_newstest/2015/fr-en/newsdiscusstest2015.en
fra	eng	newssyscomb2009				datasets/statmt/wmt_newstest/2009/newssyscomb2009.fr	datasets/statmt/wmt_newstest/2009/newssyscomb2009.en
fra	eng	newstest2008				datasets/statmt/wmt_newstest/2008/newstest2008.fr	datasets/statmt/wmt_newstest/2008/newstest2008.en
fra	eng	newstest2009				datasets/statmt/wmt_newstest/2009/newstest2009.fr	datasets/statmt/wmt_newstest/2009/newstest2009.en
fra	eng	newstest2010				datasets/statmt/wmt_newstest/2010/newstest2010.fr	datasets/statmt/wmt_newstest/2010/newstest2010.en
fra	eng	newstest2011				datasets/statmt/wmt_newstest/2011/newstest2011.fr	datasets/statmt/wmt_newstest/2011/newstest2011.en
fra	eng	newstest2012				datasets/statmt/wmt_newstest/2012/newstest2012.fr	datasets/statmt/wmt_newstest/2012/newstest2012.en
fra	eng	newstest2013				datasets/statmt/wmt_newstest/2013/newstest2013.fr	datasets/statmt/wmt_newstest/2013/newstest2013.en
fra	eng	newstest2014				datasets/statmt/wmt_newstest/2014/fr-en/newstest2014.fr	datasets/statmt/wmt_newstest/2014/fr-en/newstest2014.en
fra	hun	newssyscomb2009				datasets/statmt/wmt_newstest/2009/newssyscomb2009.fr	datasets/statmt/wmt_newstest/2009/newssyscomb2009.hu
fra	hun	newstest2008				datasets/statmt/wmt_newstest/2008/newstest2008.fr	datasets/statmt/wmt_newstest/2008/newstest2008.hu
fra	hun	newstest2009				datasets/statmt/wmt_newstest/2009/newstest2009.fr	datasets/statmt/wmt_newstest/2009/newstest2009.hu
fra	ita	newssyscomb2009				datasets/statmt/wmt_newstest/2009/newssyscomb2009.fr	datasets/statmt/wmt_newstest/2009/newssyscomb2009.it
fra	ita	newstest2009				datasets/statmt/wmt_newstest/2009/newstest2009.fr	datasets/statmt/wmt_newstest/2009/newstest2009.it
fra	rus	newstest2012				datasets/statmt/wmt_newstest/2012/newstest2012.fr	datasets/statmt/wmt_newstest/2012/newstest2012.ru
fra	rus	newstest2013				datasets/statmt/wmt_newstest/2013/newstest2013.fr	datasets/statmt/wmt_newstest/2013/newstest2013.ru
fra	spa	newssyscomb2009				datasets/statmt/wmt_newstest/2009/newssyscomb2009.fr	datasets/statmt/wmt_newstest/2009/newssyscomb2009.es
fra	spa	newstest2008				datasets/statmt/wmt_newstest/2008/newstest2008.fr	datasets/statmt/wmt_newstest/2008/newstest2008.es
fra	spa	newstest2009				datasets/statmt/wmt_newstest/2009/newstest2009.fr	datasets/statmt/wmt_newstest/2009/newstest2009.es
fra	spa	newstest2010				datasets/statmt/wmt_newstest/2010/newstest2010.fr	datasets/statmt/wmt_newstest/2010/newstest2010.es
fra	spa	newstest2011				datasets/statmt/wmt_newstest/2011/newstest2011.fr	datasets/statmt/wmt_newstest/2011/newstest2011.es
fra	spa	newstest2012				datasets/statmt/wmt_newstest/2012/newstest2012.fr	datasets/statmt/wmt_newstest/2012/newstest2012.es
fra	spa	newstest2013				datasets/statmt/wmt_newstest/2013/newstest2013.fr	datasets/statmt/wmt_newstest/2013/newstest2013.es
guj	eng	newstest2019				datasets/statmt/wmt_newstest/2019/gu-en/newstest2019.gu	datasets/statmt/wmt_newstest/2019/gu-en/newstest2019.en
hau	eng	newstest2021				datasets/statmt/wmt21-news-systems/txt/sources/newstest2021.ha-en.src.ha	datasets/statmt/wmt21-news-systems/txt/references/newstest2021.ha-en.ref.A.en	
hin	ben	florestest2021				datasets/statmt/wmt21-news-systems/txt/sources/florestest2021.hi-bn.src.hi	datasets/statmt/wmt21-news-systems/txt/references/florestest2021.hi-bn.ref.A.bn	
hin	eng	newstest2014				datasets/statmt/wmt_newstest/2014/hi-en/newstest2014.hi	datasets/statmt/wmt_newstest/2014/hi-en/newstest2014.en
hun	ces	newssyscomb2009				datasets/statmt/wmt_newstest/2009/newssyscomb2009.hu	datasets/statmt/wmt_newstest/2009/newssyscomb2009.cs
hun	ces	newstest2008				datasets/statmt/wmt_newstest/2008/newstest2008.hu	datasets/statmt/wmt_newstest/2008/newstest2008.cs
hun	ces	newstest2009				datasets/statmt/wmt_newstest/2009/newstest2009.hu	datasets/statmt/wmt_newstest/2009/newstest2009.cs
hun	deu	newssyscomb2009				datasets/statmt/wmt_newstest/2009/newssyscomb2009.hu	datasets/statmt/wmt_newstest/2009/newssyscomb2009.de
hun	deu	newstest2008				datasets/statmt/wmt_newstest/2008/newstest2008.hu	datasets/statmt/wmt_newstest/2008/newstest2008.de
hun	deu	newstest2009				datasets/statmt/wmt_newstest/2009/newstest2009.hu	datasets/statmt/wmt_newstest/2009/newstest2009.de
hun	eng	newssyscomb2009				datasets/statmt/wmt_newstest/2009/newssyscomb2009.hu	datasets/statmt/wmt_newstest/2009/newssyscomb2009.en
hun	eng	newstest2008				datasets/statmt/wmt_newstest/2008/newstest2008.hu	datasets/statmt/wmt_newstest/2008/newstest2008.en
hun	eng	newstest2009				datasets/statmt/wmt_newstest/2009/newstest2009.hu	datasets/statmt/wmt_newstest/2009/newstest2009.en
hun	fra	newssyscomb2009				datasets/statmt/wmt_newstest/2009/newssyscomb2009.hu	datasets/statmt/wmt_newstest/2009/newssyscomb2009.fr
hun	fra	newstest2008				datasets/statmt/wmt_newstest/2008/newstest2008.hu	datasets/statmt/wmt_newstest/2008/newstest2008.fr
hun	fra	newstest2009				datasets/statmt/wmt_newstest/2009/newstest2009.hu	datasets/statmt/wmt_newstest/2009/newstest2009.fr
hun	ita	newssyscomb2009				datasets/statmt/wmt_newstest/2009/newssyscomb2009.hu	datasets/statmt/wmt_newstest/2009/newssyscomb2009.it
hun	ita	newstest2009				datasets/statmt/wmt_newstest/2009/newstest2009.hu	datasets/statmt/wmt_newstest/2009/newstest2009.it
hun	spa	newssyscomb2009				datasets/statmt/wmt_newstest/2009/newssyscomb2009.hu	datasets/statmt/wmt_newstest/2009/newssyscomb2009.es
hun	spa	newstest2008				datasets/statmt/wmt_newstest/2008/newstest2008.hu	datasets/statmt/wmt_newstest/2008/newstest2008.es
hun	spa	newstest2009				datasets/statmt/wmt_newstest/2009/newstest2009.hu	datasets/statmt/wmt_newstest/2009/newstest2009.es
iku	eng	newstest2020				datasets/statmt/wmt_newstest/2020/iu-en/newstest2020.iu	datasets/statmt/wmt_newstest/2020/iu-en/newstest2020.en
isl	eng	newstest2021				datasets/statmt/wmt21-news-systems/txt/sources/newstest2021.is-en.src.is	datasets/statmt/wmt21-news-systems/txt/references/newstest2021.is-en.ref.A.en	
isl	nob	europeana2021				datasets/statmt/wmt_multilingual/is/europeana2021.is	datasets/statmt/wmt_multilingual/is/europeana2021.nb
isl	swe	europeana2021				datasets/statmt/wmt_multilingual/is/europeana2021.is	datasets/statmt/wmt_multilingual/is/europeana2021.sv
ita	cat	wmt21-ml-wp				datasets/statmt/wmt_multilingual/wp.test.it	datasets/statmt/wmt_multilingual/wp.test.ca
ita	ces	newssyscomb2009				datasets/statmt/wmt_newstest/2009/newssyscomb2009.it	datasets/statmt/wmt_newstest/2009/newssyscomb2009.cs
ita	ces	newstest2009				datasets/statmt/wmt_newstest/2009/newstest2009.it	datasets/statmt/wmt_newstest/2009/newstest2009.cs
ita	deu	newssyscomb2009				datasets/statmt/wmt_newstest/2009/newssyscomb2009.it	datasets/statmt/wmt_newstest/2009/newssyscomb2009.de
ita	deu	newstest2009				datasets/statmt/wmt_newstest/2009/newstest2009.it	datasets/statmt/wmt_newstest/2009/newstest2009.de
ita	eng	newssyscomb2009				datasets/statmt/wmt_newstest/2009/newssyscomb2009.it	datasets/statmt/wmt_newstest/2009/newssyscomb2009.en
ita	eng	newstest2009				datasets/statmt/wmt_newstest/2009/newstest2009.it	datasets/statmt/wmt_newstest/2009/newstest2009.en
ita	fra	newssyscomb2009				datasets/statmt/wmt_newstest/2009/newssyscomb2009.it	datasets/statmt/wmt_newstest/2009/newssyscomb2009.fr
ita	fra	newstest2009				datasets/statmt/wmt_newstest/2009/newstest2009.it	datasets/statmt/wmt_newstest/2009/newstest2009.fr
ita	hun	newssyscomb2009				datasets/statmt/wmt_newstest/2009/newssyscomb2009.it	datasets/statmt/wmt_newstest/2009/newssyscomb2009.hu
ita	hun	newstest2009				datasets/statmt/wmt_newstest/2009/newstest2009.it	datasets/statmt/wmt_newstest/2009/newstest2009.hu
ita	oci	wmt21-ml-wp				datasets/statmt/wmt_multilingual/wp.test.it	datasets/statmt/wmt_multilingual/wp.test.oc
ita	ron	wmt21-ml-wp				datasets/statmt/wmt_multilingual/wp.test.it	datasets/statmt/wmt_multilingual/wp.test.ro
ita	spa	newssyscomb2009				datasets/statmt/wmt_newstest/2009/newssyscomb2009.it	datasets/statmt/wmt_newstest/2009/newssyscomb2009.es
ita	spa	newstest2009				datasets/statmt/wmt_newstest/2009/newstest2009.it	datasets/statmt/wmt_newstest/2009/newstest2009.es
jpn	eng	generaltest2022				datasets/statmt/wmt22-news-systems/txt/sources/generaltest2022.ja-en.src.ja	datasets/statmt/wmt22-news-systems/txt/references/generaltest2022.ja-en.ref.A.en	
jpn	eng	newstest2020				datasets/statmt/wmt_newstest/2020/ja-en/newstest2020.ja	datasets/statmt/wmt_newstest/2020/ja-en/newstest2020.en
jpn	eng	newstest2021				datasets/statmt/wmt21-news-systems/txt/sources/newstest2021.ja-en.src.ja	datasets/statmt/wmt21-news-systems/txt/references/newstest2021.ja-en.ref.A.en	
kaz	eng	newstest2019				datasets/statmt/wmt_newstest/2019/kk-en/newstest2019.kk	datasets/statmt/wmt_newstest/2019/kk-en/newstest2019.en
khm	eng	newstest2020				datasets/statmt/wmt_newstest/2020/km-en/newstest2020.km	datasets/statmt/wmt_newstest/2020/km-en/newstest2020.en
lav	eng	newstest2017				datasets/statmt/wmt_newstest/2017/lv-en/newstest2017.lv	datasets/statmt/wmt_newstest/2017/lv-en/newstest2017.en
lit	eng	newstest2019				datasets/statmt/wmt_newstest/2019/lt-en/newstest2019.lt	datasets/statmt/wmt_newstest/2019/lt-en/newstest2019.en
liv	eng	generaltest2022				datasets/statmt/wmt22-news-systems/txt/sources/generaltest2022.liv-en.src.liv	datasets/statmt/wmt22-news-systems/txt/references/generaltest2022.liv-en.ref.A.en	
nob	isl	europeana2021				datasets/statmt/wmt_multilingual/nb/europeana2021.nb	datasets/statmt/wmt_multilingual/is/europeana2021.is
nob	swe	europeana2021				datasets/statmt/wmt_multilingual/nb/europeana2021.nb	datasets/statmt/wmt_multilingual/is/europeana2021.sv
oci	cat	wmt21-ml-wp				datasets/statmt/wmt_multilingual/wp.test.oc	datasets/statmt/wmt_multilingual/wp.test.ca
oci	ita	wmt21-ml-wp				datasets/statmt/wmt_multilingual/wp.test.oc	datasets/statmt/wmt_multilingual/wp.test.it
oci	ron	wmt21-ml-wp				datasets/statmt/wmt_multilingual/wp.test.oc	datasets/statmt/wmt_multilingual/wp.test.ro
pol	eng	newstest2020				datasets/statmt/wmt_newstest/2020/pl-en/newstest2020.pl	datasets/statmt/wmt_newstest/2020/pl-en/newstest2020.en
pus	eng	newstest2020				datasets/statmt/wmt_newstest/2020/ps-en/newstest2020.ps	datasets/statmt/wmt_newstest/2020/ps-en/newstest2020.en
ron	cat	wmt21-ml-wp				datasets/statmt/wmt_multilingual/wp.test.ro	datasets/statmt/wmt_multilingual/wp.test.ca
ron	eng	newstest2016				datasets/statmt/wmt_newstest/2016/ro-en/newstest2016.ro	datasets/statmt/wmt_newstest/2016/ro-en/newstest2016.en
ron	ita	wmt21-ml-wp				datasets/statmt/wmt_multilingual/wp.test.ro	datasets/statmt/wmt_multilingual/wp.test.it
ron	oci	wmt21-ml-wp				datasets/statmt/wmt_multilingual/wp.test.ro	datasets/statmt/wmt_multilingual/wp.test.oc
rus	ces	newstest2012				datasets/statmt/wmt_newstest/2012/newstest2012.ru	datasets/statmt/wmt_newstest/2012/newstest2012.cs
rus	ces	newstest2013				datasets/statmt/wmt_newstest/2013/newstest2013.ru	datasets/statmt/wmt_newstest/2013/newstest2013.cs
rus	deu	newstest2012				datasets/statmt/wmt_newstest/2012/newstest2012.ru	datasets/statmt/wmt_newstest/2012/newstest2012.de
rus	deu	newstest2013				datasets/statmt/wmt_newstest/2013/newstest2013.ru	datasets/statmt/wmt_newstest/2013/newstest2013.de
rus	eng	generaltest2022				datasets/statmt/wmt22-news-systems/txt/sources/generaltest2022.ru-en.src.ru	datasets/statmt/wmt22-news-systems/txt/references/generaltest2022.ru-en.ref.A.en	
rus	eng	newstest2012				datasets/statmt/wmt_newstest/2012/newstest2012.ru	datasets/statmt/wmt_newstest/2012/newstest2012.en
rus	eng	newstest2013				datasets/statmt/wmt_newstest/2013/newstest2013.ru	datasets/statmt/wmt_newstest/2013/newstest2013.en
rus	eng	newstest2014				datasets/statmt/wmt_newstest/2014/ru-en/newstest2014.ru	datasets/statmt/wmt_newstest/2014/ru-en/newstest2014.en
rus	eng	newstest2015				datasets/statmt/wmt_newstest/2015/ru-en/newstest2015.ru	datasets/statmt/wmt_newstest/2015/ru-en/newstest2015.en
rus	eng	newstest2016				datasets/statmt/wmt_newstest/2016/ru-en/newstest2016.ru	datasets/statmt/wmt_newstest/2016/ru-en/newstest2016.en
rus	eng	newstest2017				datasets/statmt/wmt_newstest/2017/ru-en/newstest2017.ru	datasets/statmt/wmt_newstest/2017/ru-en/newstest2017.en
rus	eng	newstest2018				datasets/statmt/wmt_newstest/2018/ru-en/newstest2018.ru	datasets/statmt/wmt_newstest/2018/ru-en/newstest2018.en
rus	eng	newstest2019				datasets/statmt/wmt_newstest/2019/ru-en/newstest2019.ru	datasets/statmt/wmt_newstest/2019/ru-en/newstest2019.en
rus	eng	newstest2020				datasets/statmt/wmt_newstest/2020/ru-en/newstest2020.ru	datasets/statmt/wmt_newstest/2020/ru-en/newstest2020.en
rus	eng	newstest2021				datasets/statmt/wmt21-news-systems/txt/sources/newstest2021.ru-en.src.ru	datasets/statmt/wmt21-news-systems/txt/references/newstest2021.ru-en.ref.A.en	datasets/statmt/wmt21-news-systems/txt/references/newstest2021.ru-en.ref.B.en	
rus	eng	newstestALL2020				datasets/statmt/wmt_newstest/2020/ru-en/newstest2020.ru	datasets/statmt/wmt_newstest/2020/ru-en/newstest2020.en	datasets/statmt/wmt_newstest/2020/ru-en/newstestB2020.en
rus	eng	newstestB2020				datasets/statmt/wmt_newstest/2020/ru-en/newstestB2020.ru	datasets/statmt/wmt_newstest/2020/ru-en/newstestB2020.en
rus	fra	newstest2012				datasets/statmt/wmt_newstest/2012/newstest2012.ru	datasets/statmt/wmt_newstest/2012/newstest2012.fr
rus	fra	newstest2013				datasets/statmt/wmt_newstest/2013/newstest2013.ru	datasets/statmt/wmt_newstest/2013/newstest2013.fr
rus	sah	generaltest2022				datasets/statmt/wmt22-news-systems/txt/sources/generaltest2022.ru-sah.src.ru	datasets/statmt/wmt22-news-systems/txt/references/generaltest2022.ru-sah.ref.A.sah	
rus	spa	newstest2012				datasets/statmt/wmt_newstest/2012/newstest2012.ru	datasets/statmt/wmt_newstest/2012/newstest2012.es
rus	spa	newstest2013				datasets/statmt/wmt_newstest/2013/newstest2013.ru	datasets/statmt/wmt_newstest/2013/newstest2013.es
sah	rus	generaltest2022				datasets/statmt/wmt22-news-systems/txt/sources/generaltest2022.sah-ru.src.sah	datasets/statmt/wmt22-news-systems/txt/references/generaltest2022.sah-ru.ref.A.ru	
spa	ces	newssyscomb2009				datasets/statmt/wmt_newstest/2009/newssyscomb2009.es	datasets/statmt/wmt_newstest/2009/newssyscomb2009.cs
spa	ces	newstest2008				datasets/statmt/wmt_newstest/2008/newstest2008.es	datasets/statmt/wmt_newstest/2008/newstest2008.cs
spa	ces	newstest2009				datasets/statmt/wmt_newstest/2009/newstest2009.es	datasets/statmt/wmt_newstest/2009/newstest2009.cs
spa	ces	newstest2010				datasets/statmt/wmt_newstest/2010/newstest2010.es	datasets/statmt/wmt_newstest/2010/newstest2010.cs
spa	ces	newstest2011				datasets/statmt/wmt_newstest/2011/newstest2011.es	datasets/statmt/wmt_newstest/2011/newstest2011.cs
spa	ces	newstest2012				datasets/statmt/wmt_newstest/2012/newstest2012.es	datasets/statmt/wmt_newstest/2012/newstest2012.cs
spa	ces	newstest2013				datasets/statmt/wmt_newstest/2013/newstest2013.es	datasets/statmt/wmt_newstest/2013/newstest2013.cs
spa	deu	newssyscomb2009				datasets/statmt/wmt_newstest/2009/newssyscomb2009.es	datasets/statmt/wmt_newstest/2009/newssyscomb2009.de
spa	deu	newstest2008				datasets/statmt/wmt_newstest/2008/newstest2008.es	datasets/statmt/wmt_newstest/2008/newstest2008.de
spa	deu	newstest2009				datasets/statmt/wmt_newstest/2009/newstest2009.es	datasets/statmt/wmt_newstest/2009/newstest2009.de
spa	deu	newstest2010				datasets/statmt/wmt_newstest/2010/newstest2010.es	datasets/statmt/wmt_newstest/2010/newstest2010.de
spa	deu	newstest2011				datasets/statmt/wmt_newstest/2011/newstest2011.es	datasets/statmt/wmt_newstest/2011/newstest2011.de
spa	deu	newstest2012				datasets/statmt/wmt_newstest/2012/newstest2012.es	datasets/statmt/wmt_newstest/2012/newstest2012.de
spa	deu	newstest2013				datasets/statmt/wmt_newstest/2013/newstest2013.es	datasets/statmt/wmt_newstest/2013/newstest2013.de
spa	eng	newssyscomb2009				datasets/statmt/wmt_newstest/2009/newssyscomb2009.es	datasets/statmt/wmt_newstest/2009/newssyscomb2009.en
spa	eng	newstest2008				datasets/statmt/wmt_newstest/2008/newstest2008.es	datasets/statmt/wmt_newstest/2008/newstest2008.en
spa	eng	newstest2009				datasets/statmt/wmt_newstest/2009/newstest2009.es	datasets/statmt/wmt_newstest/2009/newstest2009.en
spa	eng	newstest2010				datasets/statmt/wmt_newstest/2010/newstest2010.es	datasets/statmt/wmt_newstest/2010/newstest2010.en
spa	eng	newstest2011				datasets/statmt/wmt_newstest/2011/newstest2011.es	datasets/statmt/wmt_newstest/2011/newstest2011.en
spa	eng	newstest2012				datasets/statmt/wmt_newstest/2012/newstest2012.es	datasets/statmt/wmt_newstest/2012/newstest2012.en
spa	eng	newstest2013				datasets/statmt/wmt_newstest/2013/newstest2013.es	datasets/statmt/wmt_newstest/2013/newstest2013.en
spa	fra	newssyscomb2009				datasets/statmt/wmt_newstest/2009/newssyscomb2009.es	datasets/statmt/wmt_newstest/2009/newssyscomb2009.fr
spa	fra	newstest2008				datasets/statmt/wmt_newstest/2008/newstest2008.es	datasets/statmt/wmt_newstest/2008/newstest2008.fr
spa	fra	newstest2009				datasets/statmt/wmt_newstest/2009/newstest2009.es	datasets/statmt/wmt_newstest/2009/newstest2009.fr
spa	fra	newstest2010				datasets/statmt/wmt_newstest/2010/newstest2010.es	datasets/statmt/wmt_newstest/2010/newstest2010.fr
spa	fra	newstest2011				datasets/statmt/wmt_newstest/2011/newstest2011.es	datasets/statmt/wmt_newstest/2011/newstest2011.fr
spa	fra	newstest2012				datasets/statmt/wmt_newstest/2012/newstest2012.es	datasets/statmt/wmt_newstest/2012/newstest2012.fr
spa	fra	newstest2013				datasets/statmt/wmt_newstest/2013/newstest2013.es	datasets/statmt/wmt_newstest/2013/newstest2013.fr
spa	hun	newssyscomb2009				datasets/statmt/wmt_newstest/2009/newssyscomb2009.es	datasets/statmt/wmt_newstest/2009/newssyscomb2009.hu
spa	hun	newstest2008				datasets/statmt/wmt_newstest/2008/newstest2008.es	datasets/statmt/wmt_newstest/2008/newstest2008.hu
spa	hun	newstest2009				datasets/statmt/wmt_newstest/2009/newstest2009.es	datasets/statmt/wmt_newstest/2009/newstest2009.hu
spa	ita	newssyscomb2009				datasets/statmt/wmt_newstest/2009/newssyscomb2009.es	datasets/statmt/wmt_newstest/2009/newssyscomb2009.it
spa	ita	newstest2009				datasets/statmt/wmt_newstest/2009/newstest2009.es	datasets/statmt/wmt_newstest/2009/newstest2009.it
spa	rus	newstest2012				datasets/statmt/wmt_newstest/2012/newstest2012.es	datasets/statmt/wmt_newstest/2012/newstest2012.ru
spa	rus	newstest2013				datasets/statmt/wmt_newstest/2013/newstest2013.es	datasets/statmt/wmt_newstest/2013/newstest2013.ru
swe	isl	europeana2021				datasets/statmt/wmt_multilingual/sv/europeana2021.sv	datasets/statmt/wmt_multilingual/is/europeana2021.is
swe	nob	europeana2021				datasets/statmt/wmt_multilingual/sv/europeana2021.sv	datasets/statmt/wmt_multilingual/is/europeana2021.nb
tam	eng	newstest2020				datasets/statmt/wmt_newstest/2020/ta-en/newstest2020.ta	datasets/statmt/wmt_newstest/2020/ta-en/newstest2020.en
tur	eng	newstest2016				datasets/statmt/wmt_newstest/2016/tr-en/newstest2016.tr	datasets/statmt/wmt_newstest/2016/tr-en/newstest2016.en
tur	eng	newstest2017				datasets/statmt/wmt_newstest/2017/tr-en/newstest2017.tr	datasets/statmt/wmt_newstest/2017/tr-en/newstest2017.en
tur	eng	newstest2018				datasets/statmt/wmt_newstest/2018/tr-en/newstest2018.tr	datasets/statmt/wmt_newstest/2018/tr-en/newstest2018.en
ukr	ces	generaltest2022				datasets/statmt/wmt22-news-systems/txt/sources/generaltest2022.uk-cs.src.uk	datasets/statmt/wmt22-news-systems/txt/references/generaltest2022.uk-cs.ref.A.cs	
ukr	eng	generaltest2022				datasets/statmt/wmt22-news-systems/txt/sources/generaltest2022.uk-en.src.uk	datasets/statmt/wmt22-news-systems/txt/references/generaltest2022.uk-en.ref.A.en	
xho	zul	florestest2021				datasets/statmt/wmt21-news-systems/txt/sources/florestest2021.xh-zu.src.xh	datasets/statmt/wmt21-news-systems/txt/references/florestest2021.xh-zu.ref.A.zu	
zho	eng	generaltest2022				datasets/statmt/wmt22-news-systems/txt/sources/generaltest2022.zh-en.src.zh	datasets/statmt/wmt22-news-systems/txt/references/generaltest2022.zh-en.ref.A.en	datasets/statmt/wmt22-news-systems/txt/references/generaltest2022.zh-en.ref.B.en	
zho	eng	newstest2017				datasets/statmt/wmt_newstest/2017/zh-en/newstest2017.zh	datasets/statmt/wmt_newstest/2017/zh-en/newstest2017.en
zho	eng	newstest2018				datasets/statmt/wmt_newstest/2018/zh-en/newstest2018.zh	datasets/statmt/wmt_newstest/2018/zh-en/newstest2018.en
zho	eng	newstest2019				datasets/statmt/wmt_newstest/2019/zh-en/newstest2019.zh	datasets/statmt/wmt_newstest/2019/zh-en/newstest2019.en
zho	eng	newstest2020				datasets/statmt/wmt_newstest/2020/zh-en/newstest2020.zh	datasets/statmt/wmt_newstest/2020/zh-en/newstest2020.en
zho	eng	newstest2021				datasets/statmt/wmt21-news-systems/txt/sources/newstest2021.zh-en.src.zh	datasets/statmt/wmt21-news-systems/txt/references/newstest2021.zh-en.ref.A.en	
zho	eng	newstestALL2020				datasets/statmt/wmt_newstest/2020/zh-en/newstest2020.zh	datasets/statmt/wmt_newstest/2020/zh-en/newstest2020.en	datasets/statmt/wmt_newstest/2020/zh-en/newstestB2020.en
zho	eng	newstestB2020				datasets/statmt/wmt_newstest/2020/zh-en/newstestB2020.zh	datasets/statmt/wmt_newstest/2020/zh-en/newstestB2020.en
zul	xho	florestest2021				datasets/statmt/wmt21-news-systems/txt/sources/florestest2021.zu-xh.src.zu	datasets/statmt/wmt21-news-systems/txt/references/florestest2021.zu-xh.ref.A.xh	
